Description,GeneID_Control,GeneID_Infected,GeneID_Within
116 kDa U5 small nuclear ribonucleoprotein component-like,LOC126315389,LOC126315389,LOC126315389
2%2C3-bisphosphoglycerate-dependent phosphoglycerate mutase-like,LOC126315365,LOC126315365,LOC126315365
2-hydroxyacid dehydrogenase homolog,LOC126311192,LOC126311192,LOC126311192
2-Hydroxyacid oxidase-like,LOC126325799,LOC126325799,LOC126325799
2-oxoglutarate dehydrogenase%2C mitochondrial-like,LOC126315271,LOC126315271,LOC126315271
23 kDa integral membrane protein-like,LOC126271434,LOC126274788,LOC126271434
26S proteasome non-ATPase regulatory subunit 12-like,LOC126328059,LOC126328059,LOC126328059
26S proteasome regulatory subunit 10B-like,LOC126313340,LOC126313340,LOC126313340
26S proteasome regulatory subunit 6A-B-like,LOC126315353,LOC126315353,LOC126315353
26S proteasome regulatory subunit 8-like,LOC126318229,LOC126318229,LOC126318229
40S ribosomal protein S4-like,LOC126326057,LOC126326057,LOC126326057
40S ribosomal protein SA-like,LOC126320365,LOC126320365,LOC126320365
5'-3' exoribonuclease 1-like,LOC126325868,LOC126325868,LOC126325868
6-phosphogluconate dehydrogenase%2C decarboxylating-like,LOC126316920,LOC126316920,LOC126316920
60 kDa heat shock protein%2C mitochondrial-like,LOC126315266,LOC126315266,LOC126315266
60S acidic ribosomal protein P2-like,LOC126320549,LOC126320549,LOC126320549
60S ribosomal protein L19-like,LOC126322397,LOC126322397,LOC126322397
60S ribosomal protein L34-like,LOC126304702,LOC126304702,LOC126304702
60S ribosomal protein L5-like,LOC126318343,LOC126318343,LOC126318343
60S ribosomal protein L7a-like,LOC126323922,LOC126323922,LOC126323922
60S ribosomal protein L9-like,LOC126314456,LOC126314456,LOC126314456
actin-histidine N-methyltransferase-like,LOC126325546,LOC126325546,LOC126325546
actin-related protein 2/3 complex subunit 4-like,LOC126326068,LOC126326068,LOC126326068
actin-related protein 2/3 complex subunit 5-like,LOC126304766,LOC126304766,LOC126304766
actobindin-like,LOC126324537,LOC126324537,LOC126324537
adenylate kinase-like,LOC126326207,LOC126326207,LOC126326207
ADP-ribosylation factor 1-like,LOC126323247,LOC126323247,LOC126323247
ADP-sugar pyrophosphatase-like,LOC126297490,LOC126297490;LOC126325938,LOC126325938
aldo-keto reductase family 1 member B1-like,LOC126319934,LOC126319934,LOC126357545;LOC126283960;LOC126283959;LOC126319934;LOC126283957
allantoicase-like,LOC126356047,LOC126356047,LOC126356047
amidophosphoribosyltransferase-like,LOC126320414;LOC126299364,LOC126320414,LOC126320414
AMP deaminase-like,LOC126322390,LOC126322390,LOC126322390
anaphase-promoting complex subunit 5-like,LOC126324543,LOC126324543,LOC126324543
ankyrin repeat and death domain-containing protein 1B-like,LOC126329587,LOC126329587,LOC126329587
ankyrin repeat%2C bromo and BTB domain-containing protein DDB_G0293800-like,LOC126320352,LOC126320352,LOC126320352
ankyrin repeat%2C PH and SEC7 domain containing protein secG-like,LOC126315246,LOC126315246;LOC126316931,LOC126295163;LOC126315246;LOC126316931
ankyrin-1-like,LOC126315379,LOC126315379,LOC126336353;LOC126336878;LOC126273250;LOC126291886;LOC126315379
antizyme inhibitor 2-like,LOC126317455,LOC126317455,LOC126317455
AP-1 complex subunit gamma-like,LOC126323782,LOC126323782,LOC126323782
ataxin-2 homolog,LOC126326200,LOC126326200,LOC126326200
atypical kinase COQ8A%2C mitochondrial-like,LOC126324539,LOC126324539,LOC126324539
autophagy-related protein 9-like,LOC126323238,LOC126323238,LOC126323238
BCAS3 microtubule associated cell migration factor-like,LOC126304714,LOC126304714,LOC126304714
branchpoint-bridging protein-like,LOC126304762,LOC126304762,LOC126304762
brefeldin A-inhibited guanine nucleotide-exchange protein 2-like,LOC126316772,LOC126316772,LOC126316772
CAP-Gly domain-containing linker protein 1-like,LOC126325489,LOC126313369;LOC126325489,LOC126313369;LOC126325489
CCR4-NOT transcription complex subunit 1-like,LOC126326229,LOC126326229,LOC126326229
cell division cycle 5-related protein-like,LOC126319946,LOC126319946,LOC126319946
chaperone protein DnaJ-like,LOC126323900,LOC126313382;LOC126323900,LOC126323900
chitinase domain-containing protein 1-like,LOC126315390,LOC126315390,LOC126315390
chromatin-remodeling ATPase INO80-like,LOC126318672,LOC126318672,LOC126318672
chromodomain-helicase-DNA-binding protein 8-like,LOC126304715,LOC126304715,LOC126304715
citrate synthase%2C mitochondrial-like,LOC126315349,LOC126315349,LOC126315349
citrate/2-methylcitrate dehydratase-like,LOC126323268,LOC126323268,LOC126323268
coatomer subunit delta-like,LOC126315383,LOC126315383,LOC126315383
condensin complex subunit 3-like,LOC126325817,LOC126325817,LOC126325817
conserved oligomeric Golgi complex subunit 4-like,LOC126316951,LOC126316951,LOC126316951
COP9 signalosome complex subunit 6-like,LOC126320554,LOC126320554,LOC126320554
copine-9-like,LOC126315321,LOC126315321,LOC126315321
coronin-A-like,LOC126319989;LOC126319990,LOC126319989,LOC126319989;LOC126319990;LOC126328067
crossover junction endonuclease MUS81-like,LOC126327185,LOC126327185,LOC126327185
cullin-1-like,LOC126322414;LOC126297745,LOC126322414,LOC126322414
cullin-3-like,LOC126318281,LOC126318281,LOC126318281
cyclic GMP-binding protein C-like,LOC126304653,LOC126304653,LOC126304653
CYFIP-related Rac1 interactor homolog,LOC126325920,LOC126322537;LOC126325920,LOC126325920
cytochrome P450 6k1-like,LOC126335044;LOC126272143,LOC126272144;LOC126273058;LOC126272683,LOC126272899;LOC126272296;LOC126272550;LOC126284044;LOC126272144;LOC126271907
cytoplasmic aconitate hydratase-like,LOC126322585,LOC126322585,LOC126365941;LOC126322585
D-3-phosphoglycerate dehydrogenase-like,LOC126316771,LOC126316771,LOC126316771
delta-1-pyrroline-5-carboxylate dehydrogenase%2C mitochondrial-like,LOC126316722,LOC126316722,LOC126316722
DENN domain-containing protein 2A-like,LOC126327201,LOC126327201,LOC126327201
diacylglycerol kinase 1-like,LOC126327199,LOC126327199,LOC126327199
diacylglycerol kinase epsilon-like,LOC126316769,LOC126316769,LOC126316769
dihydrolipoyl dehydrogenase%2C mitochondrial-like,LOC126316432,LOC126316432,LOC126316432
dipeptidyl aminopeptidase BI-like,LOC126316674,LOC126316674,LOC126316674
DNA-directed RNA polymerase I subunit rpa1-like,LOC126332393,LOC126332393,LOC126332393
DNA-directed RNA polymerase II subunit rpb2-like,LOC126318616,LOC126318616,LOC126318616
DNA-directed RNA polymerase subunit beta''-like,LOC126322237,LOC126322237,LOC126322237
dolichyldiphosphatase 1-like,LOC126324748,LOC126324748,LOC126324748
dual specificity protein kinase shkC-like,LOC126315224;LOC126328213,LOC126315224;LOC126326547;LOC126328213,LOC126315224;LOC126326547;LOC126328213
dynamin-like protein A,LOC126331441,LOC126311186;LOC126322546;LOC126331441,LOC126322546;LOC126331441
dynamin-like protein C,LOC126320441,LOC126320441,LOC126320441
elongation factor-like GTPase 1,LOC126317457,LOC126317457,LOC126317457
epidermal growth factor receptor substrate 15 homolog,LOC126320564,LOC126320564,LOC126320564
eukaryotic initiation factor 4A-III-like,LOC126320427,LOC126320427,LOC126320427
eukaryotic translation initiation factor 3 subunit D-like,LOC126326525,LOC126326525,LOC126326525
eukaryotic translation initiation factor 4 gamma 3-like,LOC126318456,LOC126318456,LOC126318456
exocyst complex component 3-like,LOC126315396,LOC126315396,LOC126315396
exocyst complex component 7-like,LOC126316445,LOC126316445,LOC126316445
F-actin-capping protein subunit beta-like,LOC126318294,LOC126318294,LOC126318294
F-box-like/WD repeat-containing protein TBL1X,LOC126315236,LOC126315236,LOC126315236
facilitated trehalose transporter Tret1-2 homolog,LOC126272587;LOC126278499,LOC126278499,LOC126282405;LOC126355798;LOC126272268
facilitated trehalose transporter Tret1-like,LOC126295156,LOC126353355;LOC126278130;LOC126278132;LOC126278605,LOC126267107;LOC126278132;LOC126278605
FERM domain-containing protein 8-like,LOC126316463,LOC126316463,LOC126316463
FK506-binding protein 5-like,LOC126326571,LOC126326571,LOC126326571
formin-like protein,LOC126322707,LOC126322707,LOC126322707;LOC126354835
G protein alpha i subunit-like,LOC126316717,LOC126316717,LOC126316717
glucose-6-phosphate isomerase-like,LOC126332398,LOC126332398,LOC126332398
glutamine--fructose-6-phosphate aminotransferase [isomerizing] 2-like,LOC126322589,LOC126322589,LOC126322589
glycerol-3-phosphate dehydrogenase%2C mitochondrial-like,LOC126323764,LOC126323764,LOC126323764
glycine--tRNA ligase-like,LOC126318334,LOC126318334,LOC126318334
glycogen debranching enzyme-like,LOC126320463,LOC126320463,LOC126320463
GTPase-activating Rap/Ran-GAP domain-like protein 3,LOC126320754,LOC126315327;LOC126320754,LOC126315327;LOC126320754
guanine exchange factor for Rac 30-like,LOC126320360,LOC126320360,LOC126320360
guanine nucleotide-binding protein subunit beta-like,LOC126319846,LOC126319846,LOC126319846
hapless 2-like,LOC126304985,LOC126304985,LOC126304985
histone-lysine N-methyltransferase 2D-like,LOC126298156,LOC126298156,LOC126324937
inositol oxygenase-like,LOC126277892,LOC126277896;LOC126277895,LOC126277896;LOC126277893;LOC126277894
integrator complex subunit 3-like,LOC126315263,LOC126315263,LOC126315263
J domain-containing protein DDB_G0295729-like,LOC126332797,LOC126332797,LOC126332797
juvenile hormone esterase-like,LOC126354365;LOC126268026,LOC126354365;LOC126354705,LOC126332740;LOC126332816;LOC126335083;LOC126354065;LOC126354407;LOC126354702;LOC126282181;LOC126332793;LOC126334678;LOC126356216;LOC126354365;LOC126354705;LOC126268026
keratinocyte proline-rich protein-like,LOC126344004,LOC126344004,LOC126344004
la-related protein 4-like,LOC126319911,LOC126319911,LOC126319911
LIM domain-containing protein B-like,LOC126304754,LOC126304754,LOC126304754
luciferin sulfotransferase-like,LOC126356147,LOC126272807;LOC126291583;LOC126291795,LOC126291795;LOC126354088
malate dehydrogenase-like,LOC126315362,LOC126315362,LOC126315362
MFS-type transporter SLC18B1-like,LOC126337066,LOC126337066,LOC126337066
mRNA export factor-like,LOC126323771,LOC126323771,LOC126323771
mucin-12-like,LOC126332799,LOC126332799,LOC126332799
myosin heavy chain%2C cardiac muscle isoform-like,LOC126320409,LOC126320409,LOC126320409
myosin light chain kinase A-like,LOC126320562;LOC126326512,LOC126320356;LOC126325865;LOC126326512,LOC126320356;LOC126320562;LOC126326512
myotrophin-like,LOC126316977,LOC126316977,LOC126316977
N-formylmaleamate deformylase-like,LOC126315275,LOC126315275,LOC126315275
nicotinate phosphoribosyltransferase-like,LOC126326118,LOC126326118,LOC126326118
nuclear pore complex protein DDB_G0274915-like,LOC126329995,LOC126329995,LOC126329995
nuclear pore complex protein Nup107-like,LOC126332400,LOC126332400,LOC126332400
nuclear pore complex protein Nup160-like,LOC126322718,LOC126322718,LOC126322718
nuclear pore complex protein Nup205-like,LOC126304737,LOC126304737,LOC126304737
nuclear pore complex protein Nup93-like,LOC126319918,LOC126319918,LOC126319918
nuclear protein localization protein 4 homolog,LOC126316759,LOC126316759,LOC126316759
nucleolar protein 14-like,LOC126325526,LOC126325526,LOC126325526
origin recognition complex subunit 1-like,LOC126325476,LOC126325476,LOC126325476
ornithine aminotransferase%2C mitochondrial,LOC126352958,LOC126352958,LOC126352958
oxysterol-binding protein 8-like,LOC126325500,LOC126325500,LOC126325500
palmitoyltransferase ZDHHC18-like,LOC126319859,LOC126319859,LOC126319859
periodic tryptophan protein 2 homolog,LOC126323791,LOC126323791,LOC126281487
peroxisomal multifunctional enzyme A-like,LOC126315400,LOC126315400,LOC126315400
phosphatidate phosphatase LPIN3-like,LOC126304732,LOC126304732,LOC126304732
phosphatidylinositol 3%2C4%2C5-trisphosphate 5-phosphatase 2B-like,LOC126322578,LOC126322578,LOC126322578
phosphatidylinositol-glycan biosynthesis class W protein-like,LOC126304709,LOC126304709,LOC126304709
pre-mRNA-processing factor 40 homolog A-like,LOC126318332,LOC126318332,LOC126318332
pre-mRNA-splicing factor syf1 homolog,LOC126325943,LOC126325943,LOC126325943
probable alanine aminotransferase%2C mitochondrial,LOC126330815,LOC126330815,LOC126330815
probable arginine--tRNA ligase%2C cytoplasmic,LOC126326588,LOC126326588,LOC126326588
probable ATP-dependent RNA helicase kurz,LOC126313368,LOC126313368,LOC126313368
probable glutamine--tRNA ligase,LOC126326076,LOC126326076,LOC126326076
probable methionine--tRNA ligase%2C cytoplasmic,LOC126315440,LOC126315440,LOC126315440
probable phospholipid-transporting ATPase IA,LOC126317077,LOC126317077,LOC126317077
probable protein disulfide-isomerase A4,LOC126324503,LOC126324503,LOC126324503
probable replication factor C subunit 4,LOC126319957,LOC126319957,LOC126319957
probable serine/threonine-protein kinase DDB_G0278665,LOC126325849,LOC126325849,LOC126325849
probable serine/threonine-protein kinase kinX,LOC126304982,LOC126304982,LOC126304982
probable serine/threonine-protein kinase roco4,LOC126326603,LOC126326603,LOC126326603
probable short/branched chain specific acyl-CoA dehydrogenase,LOC126320432,LOC126320432,LOC126320432
probable sphingosine-1-phosphate phosphatase,LOC126324033,LOC126324033,LOC126324033
probable splicing factor%2C arginine/serine-rich 3,LOC126311225,LOC126311225,LOC126311225
protein Aster-A-like,LOC126316669,LOC126316669,LOC126316669
protein aubergine-like,LOC126304746,LOC126304746,LOC126304746
protein NLRC5-like,LOC126316666,LOC126316666,LOC126316666
protein pirA-like,LOC126316781,LOC126315429;LOC126316781,LOC126315429;LOC126316781
protein spalten-like,LOC126328221,LOC126318707;LOC126328221,LOC126328221
protein transport protein SEC23-like,LOC126318342,LOC126318342,LOC126318342
proteoglycan 4-like,LOC126291739,LOC126322417;LOC126326562,LOC126322417;LOC126326562
proton-coupled amino acid transporter 4-like,LOC126316687,LOC126316687,LOC126316687
pumilio homolog 3,LOC126323738,LOC126323738,LOC126323738
rac guanine nucleotide exchange factor JJ-like,LOC126322602,LOC126322602,LOC126322602
rapA guanosine triphosphatase-activating protein 1-like,LOC126313375,LOC126313375,LOC126313375
ras GTPase-activating-like protein rgaA,LOC126305012;LOC126322531,LOC126305012;LOC126322531,LOC126305012;LOC126322531
ras guanine nucleotide exchange factor A-like,LOC126325907;LOC126330805,LOC126314441;LOC126318676;LOC126322549;LOC126325907;LOC126329922;LOC126330805,LOC126314441;LOC126318676;LOC126322549;LOC126325907;LOC126330805
ras-like protein rasG,LOC126320565;LOC126324070,LOC126320565;LOC126324070,LOC126320565;LOC126324070
ras-related C3 botulinum toxin substrate 1-like,LOC126317085,LOC126315223;LOC126326530,LOC126317085
ras-related protein Rab-1B-like,LOC126319868,LOC126319868,LOC126319868
ras-related protein Rab-5A-like,LOC126329583,LOC126329583,LOC126329583
ras-related protein Rap-1-like,LOC126325535,LOC126325535,LOC126325535
ras-specific guanine nucleotide-releasing factor 1-like,LOC126315304,LOC126315304,LOC126315304
rasGAP-activating-like protein 1,LOC126304974,LOC126304974,LOC126304974
receptor of activated protein C kinase 1-like,LOC126304984,LOC126304984,LOC126304984
repetitive organellar protein-like,LOC126322709,LOC126322709,LOC126322709
replication stress response regulator SDE2-like,LOC126319941,LOC126319941,LOC126319941
retinal-specific phospholipid-transporting ATPase ABCA4-like,LOC126326196,LOC126326196,LOC126326196
rho GTPase-activating protein 39-like,LOC126326199,LOC126326199,LOC126326199
rho-related protein racB-like,LOC126304652,LOC126304652,LOC126304652
rho-related protein racC-like,LOC126315217,LOC126315217,LOC126315217
ribonuclease H2 subunit B-like,LOC126325813,LOC126325813,LOC126325813
RING finger protein 10-like,LOC126325912,LOC126325912,LOC126325912
RNA polymerase-associated protein RTF1 homolog,LOC126326048,LOC126326048,LOC126326048
RNA-binding protein 5-like,LOC126305010,LOC126305010,LOC126305010
saccharopine dehydrogenase-like oxidoreductase,LOC126320563,LOC126320563,LOC126266681;LOC126320563
sarcoplasmic reticulum histidine-rich calcium-binding protein-like,LOC126318444,LOC126318444,LOC126318444
serine hydroxymethyltransferase 2-like,LOC126316752,LOC126316752,LOC126316752
serine/arginine repetitive matrix protein 2-like,LOC126325909,LOC126322622;LOC126325909,LOC126322622;LOC126325909
serine/threonine-protein kinase 3-like,LOC126316441,LOC126316441;LOC126320602,LOC126316441
serine/threonine-protein kinase 4 homolog B-like,LOC126316982,LOC126316982,LOC126316982
serine/threonine-protein kinase MARK2-like,LOC126326587,LOC126326587,LOC126326587
serine/threonine-protein kinase pakC-like,LOC126316806,LOC126316806;LOC126322548,LOC126316806;LOC126322548
serine/threonine-protein kinase RIO1-like,LOC126325844,LOC126325844,LOC126325844
serine/threonine-protein kinase svkA-like,LOC126317123,LOC126317123,LOC126317123
serine/threonine-protein kinase tor-like,LOC126325490,LOC126325490,LOC126325490
serine/threonine-protein kinase WNK4-like,LOC126324054,LOC126324054,LOC126324054
serine/threonine-protein kinase/endoribonuclease IRE1-like,LOC126320386,LOC126320386,LOC126320386
serine/threonine-protein phosphatase 4 catalytic subunit-like,LOC126317118,LOC126317118,LOC126317118
serine/threonine-protein phosphatase 4 regulatory subunit 3-B-like,LOC126316967,LOC126316967,LOC126316967
serine/threonine-protein phosphatase 6 catalytic subunit-like,LOC126317445,LOC126317445,LOC126317445
serine/threonine-protein phosphatase 6 regulatory subunit 3-like,LOC126320455,LOC126320455,LOC126320455
serine/threonine-protein phosphatase alpha-2 isoform-like,LOC126318687,LOC126318687,LOC126318687
SH3 and F-BAR domain-containing protein DDB_G0274695-like,LOC126324541,LOC126324541,LOC126324541
signal recognition particle subunit SRP72-like,LOC126314412,LOC126314412,LOC126314412
single-stranded DNA-binding protein-like,LOC126317111,LOC126317111,LOC126317111
SNW domain-containing protein 1-like,LOC126305013,LOC126305013,LOC126305013
sodium-coupled monocarboxylate transporter 1-like,LOC126268174;LOC126278407,LOC126268174;LOC126268173;LOC126278407;LOC126278211;LOC126284566,LOC126268173;LOC126284566;LOC126299138;LOC126335106;LOC126268174;LOC126278407
sphingolipid delta(4)-desaturase DES1-like,LOC126325953,LOC126325953,LOC126325953
splicing factor 3B subunit 1-like,LOC126323255,LOC126323255,LOC126323255
splicing factor 3B subunit 2-like,LOC126322384,LOC126322384,LOC126322384
splicing factor 3B subunit 4-like,LOC126323246,LOC126323246,LOC126323246
squamous cell carcinoma antigen recognized by T-cells 3-like,LOC126316990,LOC126316990,LOC126316990
src kinase-associated phosphoprotein 2-like,LOC126318213,LOC126318213,LOC126318213
stress-activated protein kinase alpha-like,LOC126315288;LOC126332399,LOC126315288;LOC126316981;LOC126322691;LOC126332399,LOC126315288;LOC126316981;LOC126332399
succinate dehydrogenase flavoprotein subunit-like,LOC126325852,LOC126325852,LOC126325852
sulfur carrier protein adenylyltransferase-like,LOC126320373,LOC126320373,LOC126320373
SWI/SNF-related matrix-associated actin-dependent regulator of chromatin subfamily A-like protein 1,LOC126314432,LOC126314432,LOC126314432
synaptic vesicle glycoprotein 2B-like,LOC126293755,LOC126273309;LOC126272485;LOC126272232;LOC126293755;LOC126293655,LOC126273309;LOC126293755;LOC126298917
T-complex protein 1 subunit beta-like,LOC126325536,LOC126325536,LOC126325536
TBC1 domain family member 8B-like,LOC126326570,LOC126326570,LOC126326570
TELO2-interacting protein 1 homolog,LOC126329590,LOC126329590,LOC126329590
tetratricopeptide repeat protein 1-like,LOC126304660,LOC126304660,LOC126304660
thioredoxin domain-containing protein-like,LOC126320560,LOC126320560,LOC126320560
titin homolog,LOC126326198,LOC126326198,LOC126326198
titin-like,LOC126323236,LOC126323236,LOC126323236
TNF receptor-associated protein 1 homolog%2C mitochondrial-like,LOC126318464,LOC126318464,LOC126318464
trafficking protein particle complex subunit 10-like,LOC126322422,LOC126322422,LOC126322422
trans-1%2C2-dihydrobenzene-1%2C2-diol dehydrogenase-like,LOC126325504,LOC126325504,LOC126325504;LOC126281694
transcription elongation factor SPT5-like,LOC126316726,LOC126316726,LOC126316726
transcription initiation factor TFIID subunit 1-like,LOC126325837,LOC126325873;LOC126325837,LOC126325837
transducin beta-like protein 3,LOC126323888,LOC126323888,LOC126323888
transforming growth factor beta-1-induced transcript 1 protein-like,LOC126318617;LOC126319953,LOC126318617,LOC126318617;LOC126319953
translation initiation factor eIF-2B subunit beta-like,LOC126320390,LOC126320390,LOC126320390
transmembrane emp24 domain-containing protein A-like,LOC126319861,LOC126319861,LOC126319861
transmembrane protein 94-like,LOC126322381,LOC126322381,LOC126322381
transportin-1-like,LOC126329938,LOC126329938,LOC126329938
trimethyllysine dioxygenase%2C mitochondrial-like,LOC126316761,LOC126316761;LOC126328228,LOC126316761
tRNA (guanine(26)-N(2))-dimethyltransferase-like,LOC126317474,LOC126317474,LOC126317474
twinfilin-like,LOC126325919,LOC126325919,LOC126325919
tyrosine-protein kinase Fer-like,LOC126322423,LOC126322423,LOC126322423
tyrosine-protein phosphatase 3-like,LOC126319984,LOC126319984,LOC126319984
ubiquitin carboxyl-terminal hydrolase 33-like,LOC126323724,LOC126323724,LOC126323724
ubiquitin carboxyl-terminal hydrolase 5-like,LOC126317448,LOC126317448,LOC126317448
ubiquitin-like modifier-activating enzyme 1,LOC126311180,LOC126311180,LOC126311180
ubiquitin-protein ligase E3B-like,LOC126318289,LOC126318289,LOC126318289
UDP-glucosyltransferase 2-like,LOC126293432,LOC126354652;LOC126282179,LOC126336625;LOC126354282;LOC126354283;LOC126355887;LOC126354649;LOC126281562;LOC126284452;LOC126291810;LOC126291743;LOC126291811;LOC126271890
UDP-glycosyltransferase UGT5-like,LOC126285309;LOC126284862,LOC126266939;LOC126285310;LOC126285309,LOC126272831;LOC126284857;LOC126284858;LOC126284862;LOC126336628;LOC126284670
UTP--glucose-1-phosphate uridylyltransferase 2-like,LOC126324744,LOC126324744,LOC126324744
UV excision repair protein RAD23 homolog,LOC126316973,LOC126316973,LOC126316973
V-type proton ATPase subunit H-like,LOC126329087,LOC126329087,LOC126329087
vacuolar protein sorting-associated protein 35-like,LOC126327207,LOC126327207,LOC126327207
vacuolar protein sorting-associated protein 51 homolog,LOC126325525,LOC126325525,LOC126325525
vacuolar protein sorting-associated protein 54-like,LOC126325534,LOC126325534,LOC126325534
vacuolar proton translocating ATPase 100 kDa subunit-like,LOC126311237,LOC126311237,LOC126311237
valine--tRNA ligase-like,LOC126318439,LOC126318439,LOC126318439
vegetative catalase-like,LOC126318362,LOC126318362,LOC126318362
vesicular glutamate transporter 1-like,LOC126272465,LOC126272465,LOC126272465
villin-1-like,LOC126313401,LOC126313401,LOC126313401
zinc finger protein 622-like,LOC126316708,LOC126316708,LOC126316708
