"ID","Description","GeneRatio","BgRatio","RichFactor","FoldEnrichment","zScore","pvalue","p.adjust","qvalue","geneID","Count","set","database"
"ko01110","ko01110","19/48","355/4337",0.0535211267605634,4.83585680751174,7.97835152981453,1.76576599231636e-09,4.81569905287712e-07,4.81569905287712e-07,"LOC126298104/LOC126354610/LOC126355485/LOC126275659/LOC126335010/LOC126281265/LOC126293737/LOC126352958/LOC126325353/LOC126354813/LOC126278953/LOC126299365/LOC126285116/LOC126266840/LOC126324953/LOC126278052/LOC126299364/LOC126297583/LOC126266788",19,"all_diet_pairwise_results__DOWN","KEGG_pathway"
"ko01130","ko01130","15/48","210/4337",0.0714285714285714,6.45386904761905,8.5700696437504,3.03829593241459e-09,4.81569905287712e-07,4.81569905287712e-07,"LOC126298104/LOC126354610/LOC126281265/LOC126293737/LOC126352958/LOC126325353/LOC126299365/LOC126266840/LOC126293368/LOC126324953/LOC126278052/LOC126299364/LOC126297583/LOC126295405/LOC126266788",15,"all_diet_pairwise_results__DOWN","KEGG_pathway"
"ko00230","ko00230","10/48","141/4337",0.0709219858156028,6.40809692671395,6.90595136561655,2.1795065735783e-06,0.000230301194608107,0.000230301194608107,"LOC126354610/LOC126272511/LOC126281265/LOC126293737/LOC126354813/LOC126278953/LOC126299365/LOC126324953/LOC126299364/LOC126266788",10,"all_diet_pairwise_results__DOWN","KEGG_pathway"
"ko00670","ko00670","4/48","15/4337",0.266666666666667,24.0944444444444,9.47759180639989,1.6494825972425e-05,0.00130721495831468,0.00130721495831468,"LOC126354610/LOC126293737/LOC126325353/LOC126266788",4,"all_diet_pairwise_results__DOWN","KEGG_pathway"
"ko00260","ko00260","5/48","37/4337",0.135135135135135,12.2100225225225,7.24369826791757,4.48590099073352e-05,0.00284406122812505,0.00284406122812505,"LOC126335010/LOC126325353/LOC126266840/LOC126293368/LOC126295405",5,"all_diet_pairwise_results__DOWN","KEGG_pathway"
"ko01120","ko01120","8/48","158/4337",0.0506329113924051,4.57489451476793,4.84220109670132,0.000283142571084136,0.0149593658389452,0.0149593658389452,"LOC126272511/LOC126325353/LOC126278953/LOC126266840/LOC126293368/LOC126278052/LOC126297583/LOC126295405",8,"all_diet_pairwise_results__DOWN","KEGG_pathway"
"ko01523","ko01523","4/48","34/4337",0.117647058823529,10.6299019607843,5.96297355807344,0.000480192086603821,0.0217458416362016,0.0217458416362016,"LOC126354610/LOC126293737/LOC126325353/LOC126266788",4,"all_diet_pairwise_results__DOWN","KEGG_pathway"
"ko00053","ko00053","5/48","65/4337",0.0769230769230769,6.95032051282051,5.11291588720356,0.000674039284682317,0.0267088066555368,0.0267088066555368,"LOC126277896/LOC126277895/LOC126266840/LOC126277897/LOC126277892",5,"all_diet_pairwise_results__DOWN","KEGG_pathway"
"ko01230","ko01230","5/48","67/4337",0.0746268656716418,6.74284825870647,5.01115732250818,0.000775163623709819,0.0273029854128903,0.0273029854128903,"LOC126298104/LOC126325353/LOC126269845/LOC126293368/LOC126295405",5,"all_diet_pairwise_results__DOWN","KEGG_pathway"
"ko00680","ko00680","3/48","22/4337",0.136363636363636,12.3210227272727,5.63110771659468,0.00169060841683319,0.053592286813612,0.053592286813612,"LOC126325353/LOC126293368/LOC126295405",3,"all_diet_pairwise_results__DOWN","KEGG_pathway"
"ko00562","ko00562","4/48","52/4337",0.0769230769230769,6.95032051282051,4.5661886538037,0.00242267374119907,0.0698170523600095,0.0698170523600095,"LOC126277896/LOC126277895/LOC126277897/LOC126277892",4,"all_diet_pairwise_results__DOWN","KEGG_pathway"
"ko01110","ko01110","7/13","355/4337",0.0197183098591549,6.5783315276273,6.01369420228256,2.58546698462277e-05,0.00819593034125419,0.00819593034125419,"LOC126278485/LOC126335010/LOC126336625/LOC126282179/LOC126285378/LOC126336627/LOC126298221",7,"all_diet_pairwise_results__UP","KEGG_pathway"
"ko00982","ko00982","4/13","102/4337",0.0392156862745098,13.0829562594268,6.7704892389659,0.000175188272909823,0.0277673412562069,0.0277673412562069,"LOC126335010/LOC126336625/LOC126282179/LOC126336627",4,"all_diet_pairwise_results__UP","KEGG_pathway"
"ko00830","ko00830","3/13","52/4337",0.0576923076923077,19.2470414201183,7.25758593431338,0.00042729134530501,0.035832289869773,0.035832289869773,"LOC126336625/LOC126282179/LOC126336627",3,"all_diet_pairwise_results__UP","KEGG_pathway"
"ko00140","ko00140","3/13","53/4337",0.0566037735849057,18.8838896952104,7.18205384121514,0.000452142458924581,0.035832289869773,0.035832289869773,"LOC126336625/LOC126282179/LOC126336627",3,"all_diet_pairwise_results__UP","KEGG_pathway"
"ko00053","ko00053","3/13","65/4337",0.0461538461538462,15.3976331360947,6.41217888649066,0.000825657546489018,0.0476755305027819,0.0476755305027819,"LOC126336625/LOC126282179/LOC126336627",3,"all_diet_pairwise_results__UP","KEGG_pathway"
"ko00860","ko00860","3/13","67/4337",0.0447761194029851,14.9380022962113,6.30372800529202,0.000902375971661488,0.0476755305027819,0.0476755305027819,"LOC126336625/LOC126282179/LOC126336627",3,"all_diet_pairwise_results__UP","KEGG_pathway"
"ko00040","ko00040","3/13","75/4337",0.04,13.3446153846154,5.9125515825534,0.00125437321413884,0.0568051869831445,0.0568051869831446,"LOC126336625/LOC126282179/LOC126336627",3,"all_diet_pairwise_results__UP","KEGG_pathway"
"ko01110","ko01110","54/252","355/4337",0.152112676056338,2.61790744466801,7.90070959468718,9.47697622278743e-12,3.00420146262362e-09,3.00420146262362e-09,"LOC126356100/LOC126272928/LOC126272037/LOC126284812/LOC126271720/LOC126278485/LOC126293404/LOC126323251/LOC126365941/LOC126297871/LOC126350022/LOC126341237/LOC126329483/LOC126336625/LOC126349195/LOC126354727/LOC126336244/LOC126298779/LOC126278697/LOC126325353/LOC126298865/LOC126268218/LOC126268126/LOC126285378/LOC126284811/LOC126299493/LOC126353877/LOC126272193/LOC126297494/LOC126281532/LOC126284898/LOC126335505/LOC126293737/LOC126334891/LOC126272831/LOC126298417/LOC126281958/LOC126266840/LOC126299542/LOC126272584/LOC126266939/LOC126284002/LOC126281562/LOC126298104/LOC126335184/LOC126282157/LOC126272926/LOC126281954/LOC126336251/LOC126298221/LOC126324953/LOC126281446/LOC126335182/LOC126284686",54,"all_infection_within_diet_results__DOWN","KEGG_pathway"
"ko01130","ko01130","38/252","210/4337",0.180952380952381,3.11424792139078,7.80004668308057,1.08389303799349e-10,1.71797046521968e-08,1.71797046521968e-08,"LOC126267248/LOC126272037/LOC126284812/LOC126278485/LOC126293404/LOC126293368/LOC126365941/LOC126297871/LOC126350022/LOC126291591/LOC126329483/LOC126349195/LOC126336244/LOC126278697/LOC126325353/LOC126298865/LOC126299078/LOC126295405/LOC126268218/LOC126284811/LOC126272193/LOC126297494/LOC126281532/LOC126284898/LOC126335505/LOC126293737/LOC126298417/LOC126281958/LOC126266840/LOC126299542/LOC126297759/LOC126298104/LOC126282157/LOC126281954/LOC126336251/LOC126298221/LOC126324953/LOC126281446",38,"all_infection_within_diet_results__DOWN","KEGG_pathway"
"ko01120","ko01120","31/252","158/4337",0.19620253164557,3.37670785613824,7.55817662052155,8.55342434743481e-10,9.03811839378945e-08,9.03811839378945e-08,"LOC126355949/LOC126266828/LOC126272037/LOC126293368/LOC126323251/LOC126365941/LOC126297871/LOC126350022/LOC126349195/LOC126336244/LOC126325353/LOC126295405/LOC126355885/LOC126268126/LOC126297494/LOC126281532/LOC126272888/LOC126336122/LOC126284898/LOC126335505/LOC126334891/LOC126298417/LOC126281958/LOC126336866/LOC126266840/LOC126299542/LOC126297759/LOC126282157/LOC126281954/LOC126336251/LOC126281446",31,"all_infection_within_diet_results__DOWN","KEGG_pathway"
"ko01200","ko01200","23/252","109/4337",0.211009174311927,3.63153487694772,6.9104092283286,3.59302143372086e-08,2.84746948622378e-06,2.84746948622378e-06,"LOC126272037/LOC126293404/LOC126293368/LOC126365941/LOC126297871/LOC126349195/LOC126336244/LOC126335256/LOC126325353/LOC126295405/LOC126297494/LOC126281532/LOC126336122/LOC126284898/LOC126335505/LOC126298417/LOC126281958/LOC126336866/LOC126299542/LOC126282157/LOC126281954/LOC126336251/LOC126298221",23,"all_infection_within_diet_results__DOWN","KEGG_pathway"
"ko00620","ko00620","10/252","33/4337",0.303030303030303,5.21524771524772,6.03660580474982,1.03471634852274e-05,0.000656010164963418,0.000656010164963418,"LOC126323251/LOC126297871/LOC126350022/LOC126336244/LOC126285378/LOC126336122/LOC126336866/LOC126266840/LOC126282157/LOC126281446",10,"all_infection_within_diet_results__DOWN","KEGG_pathway"
"ko00040","ko00040","15/252","75/4337",0.2,3.44206349206349,5.29821693970793,1.87464017413367e-05,0.000990434892000622,0.000990434892000622,"LOC126272928/LOC126283957/LOC126283960/LOC126335523/LOC126291591/LOC126341237/LOC126336625/LOC126281694/LOC126281399/LOC126272831/LOC126266657/LOC126278567/LOC126266939/LOC126281562/LOC126272926",15,"all_infection_within_diet_results__DOWN","KEGG_pathway"
"ko00260","ko00260","10/252","37/4337",0.27027027027027,4.65143715143715,5.53961191780926,3.16505123215843e-05,0.00143331605799174,0.00143331605799174,"LOC126293404/LOC126293368/LOC126323251/LOC126350022/LOC126329483/LOC126354727/LOC126325353/LOC126295405/LOC126266840/LOC126298221",10,"all_infection_within_diet_results__DOWN","KEGG_pathway"
"ko00980","ko00980","18/252","108/4337",0.166666666666667,2.86838624338624,4.88324566139245,3.81662347704513e-05,0.00151233705277913,0.00151233705277913,"LOC126331335/LOC126272928/LOC126293679/LOC126336715/LOC126341237/LOC126336625/LOC126343748/LOC126281694/LOC126336695/LOC126272831/LOC126336692/LOC126343702/LOC126266939/LOC126281562/LOC126336724/LOC126272926/LOC126281954/LOC126281404",18,"all_infection_within_diet_results__DOWN","KEGG_pathway"
"ko05204","ko05204","17/252","107/4337",0.158878504672897,2.73434950304109,4.51135706586292,0.00011698917599744,0.00412061875457649,0.00412061875457649,"LOC126331335/LOC126272928/LOC126293679/LOC126336715/LOC126341237/LOC126336625/LOC126343748/LOC126336695/LOC126272831/LOC126336692/LOC126343702/LOC126266939/LOC126281562/LOC126336724/LOC126272926/LOC126281954/LOC126281404",17,"all_infection_within_diet_results__DOWN","KEGG_pathway"
"ko00410","ko00410","8/252","29/4337",0.275862068965517,4.74767378215654,5.02888621049022,0.000171405401465406,0.00543355122645338,0.00543355122645338,"LOC126350022/LOC126335256/LOC126268126/LOC126292317/LOC126266840/LOC126336251/LOC126284808/LOC126281446",8,"all_infection_within_diet_results__DOWN","KEGG_pathway"
"ko00982","ko00982","16/252","102/4337",0.156862745098039,2.69965764083411,4.3140354173813,0.000216765307434184,0.00624678204151238,0.00624678204151238,"LOC126331335/LOC126272928/LOC126266828/LOC126336715/LOC126341237/LOC126336625/LOC126272888/LOC126336695/LOC126272831/LOC126336692/LOC126266939/LOC126281562/LOC126336724/LOC126272926/LOC126281954/LOC126281404",16,"all_infection_within_diet_results__DOWN","KEGG_pathway"
"ko00561","ko00561","10/252","47/4337",0.212765957446809,3.66176967240797,4.55658663617065,0.000280625956990785,0.00655107885913672,0.00655107885913672,"LOC126356100/LOC126283957/LOC126283960/LOC126350022/LOC126298779/LOC126323656/LOC126353877/LOC126266840/LOC126272584/LOC126281446",10,"all_infection_within_diet_results__DOWN","KEGG_pathway"
"ko00030","ko00030","8/252","31/4337",0.258064516129032,4.44137224782386,4.77556062798126,0.000284592770653945,0.00655107885913672,0.00655107885913672,"LOC126284812/LOC126329483/LOC126284811/LOC126297494/LOC126281532/LOC126284898/LOC126281958/LOC126299542",8,"all_infection_within_diet_results__DOWN","KEGG_pathway"
"ko00053","ko00053","12/252","65/4337",0.184615384615385,3.17728937728938,4.39244251764234,0.000289322094725281,0.00655107885913672,0.00655107885913672,"LOC126272928/LOC126350022/LOC126341237/LOC126336625/LOC126277893/LOC126272831/LOC126266657/LOC126266840/LOC126266939/LOC126281562/LOC126272926/LOC126281446",12,"all_infection_within_diet_results__DOWN","KEGG_pathway"
"ko00981","ko00981","7/252","28/4337",0.25,4.30257936507936,4.35404495127392,0.000848327972428929,0.0179279978173314,0.0179279978173314,"LOC126299150/LOC126293679/LOC126343748/LOC126305900/LOC126343702/LOC126320178/LOC126281446",7,"all_infection_within_diet_results__DOWN","KEGG_pathway"
"ko00330","ko00330","9/252","45/4337",0.2,3.44206349206349,4.08961314519689,0.000914557713505749,0.0181196746988327,0.0181196746988327,"LOC126272037/LOC126278485/LOC126350022/LOC126278697/LOC126266840/LOC126299043/LOC126278249/LOC126284808/LOC126281446",9,"all_infection_within_diet_results__DOWN","KEGG_pathway"
"ko00670","ko00670","5/252","15/4337",0.333333333333333,5.73677248677249,4.56388455738559,0.00118058565743102,0.021625507648686,0.021625507648686,"LOC126293404/LOC126323251/LOC126325353/LOC126293737/LOC126267222",5,"all_infection_within_diet_results__DOWN","KEGG_pathway"
"ko00680","ko00680","6/252","22/4337",0.272727272727273,4.69372294372294,4.31354302444096,0.00122794680655,0.021625507648686,0.021625507648686,"LOC126293368/LOC126325353/LOC126295405/LOC126284898/LOC126281958/LOC126281954",6,"all_infection_within_diet_results__DOWN","KEGG_pathway"
"ko01230","ko01230","11/252","67/4337",0.164179104477612,2.82557450841033,3.74000259350637,0.00143853265342254,0.0234597823155617,0.0234597823155617,"LOC126272037/LOC126293368/LOC126365941/LOC126325353/LOC126295405/LOC126281532/LOC126284898/LOC126335505/LOC126299542/LOC126298104/LOC126298221",11,"all_infection_within_diet_results__DOWN","KEGG_pathway"
"ko03030","ko03030","8/252","39/4337",0.205128205128205,3.53032153032153,3.94206413350953,0.00148011244893134,0.0234597823155617,0.0234597823155617,"LOC126293483/LOC126356254/LOC126284296/LOC126279028/LOC126284030/LOC126336750/LOC126281396/LOC126359832",8,"all_infection_within_diet_results__DOWN","KEGG_pathway"
"ko00380","ko00380","7/252","31/4337",0.225806451612903,3.88620071684588,4.00515419874622,0.00162178658252697,0.0244812546029072,0.0244812546029072,"LOC126267535/LOC126350022/LOC126336244/LOC126266840/LOC126297759/LOC126336251/LOC126281446",7,"all_infection_within_diet_results__DOWN","KEGG_pathway"
"ko04975","ko04975","6/252","24/4337",0.25,4.30257936507936,4.0291926361432,0.00200791958174068,0.0289322957914453,0.0289322957914453,"LOC126272037/LOC126298779/LOC126323656/LOC126353877/LOC126272584/LOC126284686",6,"all_infection_within_diet_results__DOWN","KEGG_pathway"
"ko00520","ko00520","9/252","51/4337",0.176470588235294,3.03711484593838,3.63432193445856,0.00231249121553602,0.031872161535866,0.031872161535866,"LOC126299071/LOC126272931/LOC126291591/LOC126277907/LOC126299078/LOC126267263/LOC126271949/LOC126354818/LOC126266657",9,"all_infection_within_diet_results__DOWN","KEGG_pathway"
"ko00280","ko00280","8/252","42/4337",0.19047619047619,3.27815570672713,3.68447268855145,0.00244064731993392,0.0322368833507938,0.0322368833507938,"LOC126350022/LOC126354727/LOC126336244/LOC126335256/LOC126299549/LOC126266840/LOC126336251/LOC126281446",8,"all_infection_within_diet_results__DOWN","KEGG_pathway"
"ko00480","ko00480","12/252","86/4337",0.13953488372093,2.40143964562569,3.26007017814075,0.0036930442571135,0.0463054898769449,0.0463054898769449,"LOC126331335/LOC126278485/LOC126336715/LOC126278697/LOC126277880/LOC126297494/LOC126336695/LOC126335505/LOC126336692/LOC126336724/LOC126281404/LOC126284808",12,"all_infection_within_diet_results__DOWN","KEGG_pathway"
"ko00710","ko00710","6/252","27/4337",0.222222222222222,3.82451499118166,3.65625104731505,0.00381261593816249,0.0463054898769449,0.0463054898769449,"LOC126272037/LOC126336122/LOC126284898/LOC126281958/LOC126336866/LOC126299542",6,"all_infection_within_diet_results__DOWN","KEGG_pathway"
"ko00310","ko00310","9/252","55/4337",0.163636363636364,2.81623376623377,3.36650012961331,0.00394400071507102,0.0463054898769449,0.0463054898769449,"LOC126350022/LOC126349195/LOC126336244/LOC126298275/LOC126266840/LOC126297759/LOC126272262/LOC126336251/LOC126281446",9,"all_infection_within_diet_results__DOWN","KEGG_pathway"
"ko00983","ko00983","14/252","110/4337",0.127272727272727,2.19040404040404,3.14067854443614,0.00419573859814944,0.0475017548433347,0.0475017548433347,"LOC126331335/LOC126272928/LOC126336715/LOC126341237/LOC126336625/LOC126277880/LOC126292317/LOC126272831/LOC126284573/LOC126266939/LOC126281562/LOC126336724/LOC126272926/LOC126281404",14,"all_infection_within_diet_results__DOWN","KEGG_pathway"
"ko00010","ko00010","8/252","46/4337",0.173913043478261,2.99309868875086,3.37502767776194,0.00441174144399848,0.0482248978533627,0.0482248978533627,"LOC126297871/LOC126350022/LOC126284898/LOC126281958/LOC126266840/LOC126282157/LOC126281954/LOC126281446",8,"all_infection_within_diet_results__DOWN","KEGG_pathway"
"ko00630","ko00630","6/252","28/4337",0.214285714285714,3.68792517006803,3.54369894630997,0.00462105811063528,0.0488291807023795,0.0488291807023795,"LOC126267535/LOC126293404/LOC126323251/LOC126365941/LOC126336244/LOC126325353",6,"all_infection_within_diet_results__DOWN","KEGG_pathway"
"ko00071","ko00071","7/252","41/4337",0.170731707317073,2.93834688346883,3.09699261002432,0.00843794990665911,0.0862848425939012,0.0862848425939012,"LOC126350022/LOC126336244/LOC126266840/LOC126297759/LOC126281954/LOC126336251/LOC126281446",7,"all_infection_within_diet_results__DOWN","KEGG_pathway"
"ko00830","ko00830","8/252","52/4337",0.153846153846154,2.64774114774115,2.9686850303515,0.00941818003464001,0.0932988459681526,0.0932988459681526,"LOC126272928/LOC126341237/LOC126336625/LOC126272831/LOC126266939/LOC126281562/LOC126272926/LOC126281954",8,"all_infection_within_diet_results__DOWN","KEGG_pathway"
"ko04624","ko04624","13/233","58/4337",0.224137931034483,4.17204380642297,5.7942996540759,8.06425884256563e-06,0.00255637005309331,0.00255637005309331,"LOC126355041/LOC126282030/LOC126282207/LOC126267545/LOC126267442/LOC126266641/LOC126355748/LOC126293578/LOC126298648/LOC126355037/LOC126293579/LOC126336325/LOC126281928",13,"all_infection_within_diet_results__UP","KEGG_pathway"
"ko02010","ko02010","10/233","43/4337",0.232558139534884,4.32877532687893,5.22644774674144,6.58817095132168e-05,0.0104422509578449,0.0104422509578449,"LOC126354017/LOC126354018/LOC126335579/LOC126278946/LOC126357744/LOC126284038/LOC126354016/LOC126278191/LOC126281499/LOC126335166",10,"all_infection_within_diet_results__UP","KEGG_pathway"
"ko04341","ko04341","12/233","79/4337",0.151898734177215,2.82740261856902,3.90538524593086,0.000897953102873814,0.0948837112036664,0.0948837112036664,"LOC126294945/LOC126295191/LOC126292145/LOC126291991/LOC126295201/LOC126278442/LOC126295425/LOC126278128/LOC126294955/LOC126294949/LOC126295087/LOC126295040",12,"all_infection_within_diet_results__UP","KEGG_pathway"
"ko01110","ko01110","28/143","355/4337",0.0788732394366197,2.39212055550084,5.05404189047392,8.70422571342542e-06,0.00163431593037453,0.00163431593037453,"LOC126284898/LOC126356100/LOC126284812/LOC126278485/LOC126271720/LOC126365941/LOC126297871/LOC126336244/LOC126335010/LOC126272928/LOC126281532/LOC126272831/LOC126335505/LOC126281958/LOC126284002/LOC126297494/LOC126335182/LOC126284686/LOC126268218/LOC126281446/LOC126336251/LOC126281562/LOC126323251/LOC126272584/LOC126268126/LOC126298221/LOC126336625/LOC126324953",28,"all_model_coefficients__DOWN","KEGG_pathway"
"ko01200","ko01200","14/143","109/4337",0.128440366972477,3.89542567524219,5.65270892989533,1.03111415165585e-05,0.00163431593037453,0.00163431593037453,"LOC126284898/LOC126335256/LOC126365941/LOC126297871/LOC126336244/LOC126281532/LOC126335505/LOC126281958/LOC126336122/LOC126297494/LOC126336251/LOC126336866/LOC126293368/LOC126298221",14,"all_model_coefficients__DOWN","KEGG_pathway"
"ko01120","ko01120","15/143","158/4337",0.0949367088607595,2.87930424006373,4.44311847668718,0.000181444435318803,0.0191726286653536,0.0191726286653536,"LOC126284898/LOC126365941/LOC126297871/LOC126336244/LOC126281532/LOC126335505/LOC126281958/LOC126336122/LOC126297494/LOC126281446/LOC126336251/LOC126336866/LOC126323251/LOC126293368/LOC126268126",15,"all_model_coefficients__DOWN","KEGG_pathway"
"ko01130","ko01130","17/143","210/4337",0.080952380952381,2.45517815517816,3.99123245028737,0.000460889859442598,0.0365255213608259,0.0365255213608259,"LOC126284898/LOC126284812/LOC126278485/LOC126365941/LOC126297871/LOC126336244/LOC126299078/LOC126281532/LOC126335505/LOC126281958/LOC126297494/LOC126268218/LOC126281446/LOC126336251/LOC126293368/LOC126298221/LOC126324953",17,"all_model_coefficients__DOWN","KEGG_pathway"
"ko00620","ko00620","6/143","33/4337",0.181818181818182,5.51430387794024,4.8062911014147,0.000613793436949565,0.0389145039026024,0.0389145039026024,"LOC126297871/LOC126336244/LOC126336122/LOC126281446/LOC126336866/LOC126323251",6,"all_model_coefficients__DOWN","KEGG_pathway"
"ko03030","ko03030","6/143","39/4337",0.153846153846154,4.6659494351802,4.24603931198733,0.00153645145613992,0.0714523258610269,0.0714523258610269,"LOC126356254/LOC126284296/LOC126279028/LOC126336750/LOC126284030/LOC126281396",6,"all_model_coefficients__DOWN","KEGG_pathway"
"ko00982","ko00982","10/143","102/4337",0.0980392156862745,2.97339914986974,3.72380351684828,0.00176099538915187,0.0714523258610269,0.0714523258610269,"LOC126335010/LOC126272928/LOC126272831/LOC126336695/LOC126281404/LOC126331335/LOC126336692/LOC126336724/LOC126281562/LOC126336625",10,"all_model_coefficients__DOWN","KEGG_pathway"
"ko00981","ko00981","5/143","28/4337",0.178571428571429,5.41583416583417,4.32814663918051,0.00193466671645892,0.0714523258610269,0.0714523258610269,"LOC126299150/LOC126320178/LOC126305900/LOC126293679/LOC126281446",5,"all_model_coefficients__DOWN","KEGG_pathway"
"ko00650","ko00650","4/143","18/4337",0.222222222222222,6.73970473970474,4.50539263821552,0.00241788327403381,0.0714523258610269,0.0714523258610269,"LOC126336244/LOC126299549/LOC126336251/LOC126268126",4,"all_model_coefficients__DOWN","KEGG_pathway"
"ko04978","ko04978","4/143","18/4337",0.222222222222222,6.73970473970474,4.50539263821552,0.00241788327403381,0.0714523258610269,0.0714523258610269,"LOC126322591/LOC126271720/LOC126365988/LOC126354186",4,"all_model_coefficients__DOWN","KEGG_pathway"
"ko05204","ko05204","10/143","107/4337",0.0934579439252336,2.83445526436181,3.54753977087066,0.00252425688794482,0.0714523258610269,0.0714523258610269,"LOC126272928/LOC126272831/LOC126336695/LOC126293679/LOC126281404/LOC126331335/LOC126336692/LOC126336724/LOC126281562/LOC126336625",10,"all_model_coefficients__DOWN","KEGG_pathway"
"ko00980","ko00980","10/143","108/4337",0.0925925925925926,2.80821030821031,3.51350372519922,0.00270481990641111,0.0714523258610269,0.0714523258610269,"LOC126272928/LOC126272831/LOC126336695/LOC126293679/LOC126281404/LOC126331335/LOC126336692/LOC126336724/LOC126281562/LOC126336625",10,"all_model_coefficients__DOWN","KEGG_pathway"
"ko00030","ko00030","5/143","31/4337",0.161290322580645,4.89172118204376,4.01498562577622,0.00308926448841524,0.0753305263713561,0.0753305263713561,"LOC126284898/LOC126284812/LOC126281532/LOC126281958/LOC126297494",5,"all_model_coefficients__DOWN","KEGG_pathway"
"ko04110","ko04110","9/143","98/4337",0.0918367346938776,2.785286142429,3.3005598014337,0.00463690940973308,0.0987676789119101,0.0987676789119101,"LOC126356254/LOC126278204/LOC126336750/LOC126284030/LOC126284276/LOC126326589/LOC126281636/LOC126279072/LOC126272743",9,"all_model_coefficients__DOWN","KEGG_pathway"
"ko00511","ko00511","5/143","34/4337",0.147058823529412,4.46009872480461,3.73973404782449,0.00467354947532698,0.0987676789119101,0.0987676789119101,"LOC126272931/LOC126336948/LOC126336962/LOC126292034/LOC126354818",5,"all_model_coefficients__DOWN","KEGG_pathway"
"ko04624","ko04624","10/201","58/4337",0.172413793103448,3.7201921427346,4.59721521938541,0.000271094626879439,0.0720050183924285,0.0720050183924285,"LOC126355041/LOC126282030/LOC126282207/LOC126298648/LOC126336325/LOC126293579/LOC126293578/LOC126267442/LOC126267545/LOC126355037",10,"all_model_coefficients__UP","KEGG_pathway"
"ko02010","ko02010","8/201","43/4337",0.186046511627907,4.01434687029966,4.37873673476733,0.000660886187539493,0.0720050183924285,0.0720050183924285,"LOC126354017/LOC126357744/LOC126354018/LOC126335579/LOC126278946/LOC126284038/LOC126335166/LOC126281499",8,"all_model_coefficients__UP","KEGG_pathway"
"ko00330","ko00330","8/201","45/4337",0.177777777777778,3.8359314538419,4.21526158012291,0.000907092887540592,0.0720050183924285,0.0720050183924285,"LOC126339265/LOC126337850/LOC126284548/LOC126335036/LOC126267473/LOC126352958/LOC126336500/LOC126276148",8,"all_model_coefficients__UP","KEGG_pathway"
"ko04341","ko04341","11/201","79/4337",0.139240506329114,3.00440833805655,3.96323037891758,0.000908580673721495,0.0720050183924285,0.0720050183924285,"LOC126278442/LOC126295191/LOC126292145/LOC126291991/LOC126294955/LOC126294949/LOC126295425/LOC126278128/LOC126295040/LOC126294945/LOC126295087",11,"all_model_coefficients__UP","KEGG_pathway"
"ko01130","ko01130","13/32","210/4337",0.0619047619047619,8.39002976190476,9.46393281159635,8.56586956641288e-10,2.71538065255288e-07,2.71538065255288e-07,"LOC126354610/LOC126293737/LOC126352958/LOC126281265/LOC126299365/LOC126297583/LOC126299364/LOC126293368/LOC126324953/LOC126278052/LOC126295405/LOC126325353/LOC126266788",13,"DESeq2_33_vs_83__DOWN","KEGG_pathway"
"ko01110","ko01110","15/32","355/4337",0.0422535211267606,5.72667253521127,8.01220609667216,5.79922657357911e-09,9.19177411912289e-07,9.19177411912289e-07,"LOC126354610/LOC126355485/LOC126275659/LOC126293737/LOC126352958/LOC126281265/LOC126354813/LOC126278953/LOC126299365/LOC126297583/LOC126299364/LOC126324953/LOC126278052/LOC126325353/LOC126266788",15,"DESeq2_33_vs_83__DOWN","KEGG_pathway"
"ko00230","ko00230","10/32","141/4337",0.0709219858156028,9.61214539007092,8.96264546846274,3.35785057755445e-08,3.5481287769492e-06,3.5481287769492e-06,"LOC126354610/LOC126272511/LOC126293737/LOC126281265/LOC126354813/LOC126278953/LOC126299365/LOC126299364/LOC126324953/LOC126266788",10,"DESeq2_33_vs_83__DOWN","KEGG_pathway"
"ko00670","ko00670","4/32","15/4337",0.266666666666667,36.1416666666667,11.7532683282861,3.14955671814597e-06,0.000249602369913068,0.000249602369913068,"LOC126354610/LOC126293737/LOC126325353/LOC126266788",4,"DESeq2_33_vs_83__DOWN","KEGG_pathway"
"ko01523","ko01523","4/32","34/4337",0.117647058823529,15.9448529411765,7.54186022742455,9.69763993080561e-05,0.00614757545054032,0.00614757545054032,"LOC126354610/LOC126293737/LOC126325353/LOC126266788",4,"DESeq2_33_vs_83__DOWN","KEGG_pathway"
"ko01120","ko01120","7/32","158/4337",0.0443037974683544,6.00454905063291,5.52446664969649,0.000116357894962908,0.00614757545054032,0.00614757545054032,"LOC126272511/LOC126278953/LOC126297583/LOC126293368/LOC126278052/LOC126295405/LOC126325353",7,"DESeq2_33_vs_83__DOWN","KEGG_pathway"
"ko00680","ko00680","3/32","22/4337",0.136363636363636,18.4815340909091,7.08652836617219,0.000511010152183616,0.0204363263455313,0.0204363263455313,"LOC126293368/LOC126295405/LOC126325353",3,"DESeq2_33_vs_83__DOWN","KEGG_pathway"
"ko00562","ko00562","4/32","52/4337",0.0769230769230769,10.4254807692308,5.8947150799906,0.000515743251622242,0.0204363263455313,0.0204363263455313,"LOC126277895/LOC126277897/LOC126277896/LOC126277892",4,"DESeq2_33_vs_83__DOWN","KEGG_pathway"
"ko00053","ko00053","4/32","65/4337",0.0615384615384615,8.34038461538462,5.14035272331811,0.00120590252912046,0.0424745668590207,0.0424745668590207,"LOC126277895/LOC126277897/LOC126277896/LOC126277892",4,"DESeq2_33_vs_83__DOWN","KEGG_pathway"
"ko01230","ko01230","4/32","67/4337",0.0597014925373134,8.09141791044776,5.04300724143395,0.00135116025520802,0.0428317800900943,0.0428317800900943,"LOC126269845/LOC126293368/LOC126295405/LOC126325353",4,"DESeq2_33_vs_83__DOWN","KEGG_pathway"
"ko00260","ko00260","3/32","37/4337",0.0810810810810811,10.9890202702703,5.26044611987262,0.00239161805815583,0.0689220840395818,0.0689220840395818,"LOC126293368/LOC126295405/LOC126325353",3,"DESeq2_33_vs_83__DOWN","KEGG_pathway"
"ko00830","ko00830","3/11","52/4337",0.0576923076923077,22.7465034965035,7.95450976848365,0.000250734353516067,0.0420672993446859,0.0420672993446859,"LOC126336625/LOC126282179/LOC126336627",3,"DESeq2_33_vs_83__UP","KEGG_pathway"
"ko00140","ko00140","3/11","53/4337",0.0566037735849057,22.3173241852487,7.87306098177626,0.000265408828673097,0.0420672993446859,0.0420672993446859,"LOC126336625/LOC126282179/LOC126336627",3,"DESeq2_33_vs_83__UP","KEGG_pathway"
"ko00053","ko00053","3/11","65/4337",0.0461538461538462,18.1972027972028,7.0436309126685,0.000486680051148726,0.0421823616757453,0.0421823616757453,"LOC126336625/LOC126282179/LOC126336627",3,"DESeq2_33_vs_83__UP","KEGG_pathway"
"ko00860","ko00860","3/11","67/4337",0.0447761194029851,17.6540027137042,6.92691433436096,0.000532269547958932,0.0421823616757453,0.0421823616757453,"LOC126336625/LOC126282179/LOC126336627",3,"DESeq2_33_vs_83__UP","KEGG_pathway"
"ko00040","ko00040","3/11","75/4337",0.04,15.7709090909091,6.50622167337107,0.00074194662331141,0.0470394159179434,0.0470394159179434,"LOC126336625/LOC126282179/LOC126336627",3,"DESeq2_33_vs_83__UP","KEGG_pathway"
"ko01110","ko01110","5/11","355/4337",0.0140845070422535,5.55313700384123,4.51410845253091,0.00109099554325572,0.0576409312020108,0.0576409312020108,"LOC126336625/LOC126282179/LOC126285378/LOC126336627/LOC126298221",5,"DESeq2_33_vs_83__UP","KEGG_pathway"
"ko00982","ko00982","3/11","102/4337",0.0294117647058824,11.596256684492,5.4603888413056,0.00181680803197099,0.0715866637603088,0.0715866637603088,"LOC126336625/LOC126282179/LOC126336627",3,"DESeq2_33_vs_83__UP","KEGG_pathway"
"ko05204","ko05204","3/11","107/4337",0.0280373831775701,11.054375531011,5.30975556846178,0.00208559918468165,0.0715866637603088,0.0715866637603088,"LOC126336625/LOC126282179/LOC126336627",3,"DESeq2_33_vs_83__UP","KEGG_pathway"
"ko00980","ko00980","3/11","108/4337",0.0277777777777778,10.9520202020202,5.28082779860776,0.00214219020507343,0.0715866637603088,0.0715866637603088,"LOC126336625/LOC126282179/LOC126336627",3,"DESeq2_33_vs_83__UP","KEGG_pathway"
"ko00983","ko00983","3/11","110/4337",0.0272727272727273,10.7528925619835,5.22409878351455,0.00225825437729681,0.0715866637603088,0.0715866637603088,"LOC126336625/LOC126282179/LOC126336627",3,"DESeq2_33_vs_83__UP","KEGG_pathway"
"ko00620","ko00620","2/11","33/4337",0.0606060606060606,23.8953168044077,6.65679553461305,0.0029587028804896,0.0852644375559276,0.0852644375559276,"LOC126285378/LOC126336866",2,"DESeq2_33_vs_83__UP","KEGG_pathway"
"ko01130","ko01130","8/14","210/4337",0.0380952380952381,11.8013605442177,9.13033920790852,6.19016102496418e-08,1.96228104491364e-05,1.96228104491364e-05,"LOC126354610/LOC126281265/LOC126352958/LOC126293368/LOC126299365/LOC126295405/LOC126325353/LOC126278052",8,"DESeq2_50_vs_83__DOWN","KEGG_pathway"
"ko00680","ko00680","3/14","22/4337",0.136363636363636,42.2435064935065,11.0355138158537,3.9790114897371e-05,0.00489987909727921,0.00489987909727921,"LOC126293368/LOC126295405/LOC126325353",3,"DESeq2_50_vs_83__DOWN","KEGG_pathway"
"ko01230","ko01230","4/14","67/4337",0.0597014925373134,18.4946695095949,8.21193008775527,4.63710955578475e-05,0.00489987909727921,0.00489987909727921,"LOC126293368/LOC126269845/LOC126295405/LOC126325353",4,"DESeq2_50_vs_83__DOWN","KEGG_pathway"
"ko01120","ko01120","5/14","158/4337",0.0316455696202532,9.80334538878843,6.41440143346672,9.23867872412517e-05,0.0073216528888692,0.0073216528888692,"LOC126293368/LOC126272511/LOC126295405/LOC126325353/LOC126278052",5,"DESeq2_50_vs_83__DOWN","KEGG_pathway"
"ko00260","ko00260","3/14","37/4337",0.0810810810810811,25.1177606177606,8.38338963439243,0.000195094499289688,0.0123689912549662,0.0123689912549662,"LOC126293368/LOC126295405/LOC126325353",3,"DESeq2_50_vs_83__DOWN","KEGG_pathway"
"ko01110","ko01110","6/14","355/4337",0.0169014084507042,5.23581488933602,4.73932572672368,0.000491401886359276,0.0259623996626484,0.0259623996626484,"LOC126354610/LOC126281265/LOC126352958/LOC126299365/LOC126325353/LOC126278052",6,"DESeq2_50_vs_83__DOWN","KEGG_pathway"
"ko00230","ko00230","4/14","141/4337",0.0283687943262411,8.78824721377913,5.34992362112191,0.000831217309032242,0.0376422695661744,0.0376422695661744,"LOC126354610/LOC126281265/LOC126299365/LOC126272511",4,"DESeq2_50_vs_83__DOWN","KEGG_pathway"
"ko00670","ko00670","2/14","15/4337",0.133333333333333,41.3047619047619,8.89765669551605,0.000992103543160621,0.0393121028977396,0.0393121028977396,"LOC126354610/LOC126325353",2,"DESeq2_50_vs_83__DOWN","KEGG_pathway"
"ko01110","ko01110","33/120","355/4337",0.0929577464788732,3.35964788732394,7.82607866996509,1.63095876239568e-10,5.17013927679429e-08,5.17013927679429e-08,"LOC126284898/LOC126284812/LOC126278485/LOC126271720/LOC126341237/LOC126329483/LOC126336625/LOC126336244/LOC126278697/LOC126268218/LOC126281446/LOC126284002/LOC126284811/LOC126266939/LOC126281532/LOC126281954/LOC126365941/LOC126293737/LOC126299542/LOC126354727/LOC126298104/LOC126281562/LOC126324953/LOC126281958/LOC126336251/LOC126299493/LOC126335505/LOC126298865/LOC126266840/LOC126335182/LOC126284686/LOC126272926/LOC126325353",33,"DESeq2_infected_vs_control_diet_33__DOWN","KEGG_pathway"
"ko01130","ko01130","24/120","210/4337",0.114285714285714,4.13047619047619,7.84397637970018,1.36795963344788e-09,2.1682160190149e-07,2.1682160190149e-07,"LOC126284898/LOC126284812/LOC126278485/LOC126329483/LOC126336244/LOC126278697/LOC126268218/LOC126281446/LOC126284811/LOC126281532/LOC126281954/LOC126365941/LOC126293737/LOC126299542/LOC126298104/LOC126324953/LOC126281958/LOC126336251/LOC126335505/LOC126298865/LOC126266840/LOC126291591/LOC126293368/LOC126325353",24,"DESeq2_infected_vs_control_diet_33__DOWN","KEGG_pathway"
"ko01120","ko01120","19/120","158/4337",0.120253164556962,4.34614978902954,7.22721867227038,3.88999421254816e-08,4.11042721792589e-06,4.11042721792589e-06,"LOC126284898/LOC126355949/LOC126266828/LOC126336244/LOC126281446/LOC126355885/LOC126281532/LOC126272888/LOC126281954/LOC126365941/LOC126299542/LOC126281958/LOC126336251/LOC126335505/LOC126336122/LOC126266840/LOC126293368/LOC126336866/LOC126325353",19,"DESeq2_infected_vs_control_diet_33__DOWN","KEGG_pathway"
"ko00040","ko00040","13/120","75/4337",0.173333333333333,6.26455555555556,7.75745171979385,8.62787975979599e-08,6.83759470963832e-06,6.83759470963832e-06,"LOC126278567/LOC126283960/LOC126341237/LOC126336625/LOC126266939/LOC126281694/LOC126266657/LOC126283957/LOC126281562/LOC126291591/LOC126281399/LOC126272926/LOC126335523",13,"DESeq2_infected_vs_control_diet_33__DOWN","KEGG_pathway"
"ko01200","ko01200","14/120","109/4337",0.128440366972477,4.64204892966361,6.4956855809828,1.25838103529285e-06,7.97813576375668e-05,7.97813576375668e-05,"LOC126284898/LOC126335256/LOC126336244/LOC126281532/LOC126281954/LOC126365941/LOC126299542/LOC126281958/LOC126336251/LOC126335505/LOC126336122/LOC126293368/LOC126336866/LOC126325353",14,"DESeq2_infected_vs_control_diet_33__DOWN","KEGG_pathway"
"ko00030","ko00030","7/120","31/4337",0.225806451612903,8.16102150537635,6.74919958938478,1.57853910383417e-05,0.000833994826525718,0.000833994826525718,"LOC126284898/LOC126284812/LOC126329483/LOC126284811/LOC126281532/LOC126299542/LOC126281958",7,"DESeq2_infected_vs_control_diet_33__DOWN","KEGG_pathway"
"ko00980","ko00980","12/120","108/4337",0.111111111111111,4.01574074074074,5.35328663218559,3.4206727908906e-05,0.00154907610673188,0.00154907610673188,"LOC126341237/LOC126336695/LOC126336625/LOC126266939/LOC126281694/LOC126281954/LOC126293679/LOC126281562/LOC126336692/LOC126281404/LOC126343702/LOC126272926",12,"DESeq2_infected_vs_control_diet_33__DOWN","KEGG_pathway"
"ko00982","ko00982","11/120","102/4337",0.107843137254902,3.89763071895425,4.99516542057243,9.73733982566465e-05,0.00385842090591962,0.00385842090591962,"LOC126266828/LOC126341237/LOC126336695/LOC126336625/LOC126266939/LOC126272888/LOC126281954/LOC126281562/LOC126336692/LOC126281404/LOC126272926",11,"DESeq2_infected_vs_control_diet_33__DOWN","KEGG_pathway"
"ko05204","ko05204","11/120","107/4337",0.102803738317757,3.7154984423676,4.79738665211721,0.000150655767698844,0.00530643092894816,0.00530643092894816,"LOC126341237/LOC126336695/LOC126336625/LOC126266939/LOC126281954/LOC126293679/LOC126281562/LOC126336692/LOC126281404/LOC126343702/LOC126272926",11,"DESeq2_infected_vs_control_diet_33__DOWN","KEGG_pathway"
"ko00051","ko00051","6/120","33/4337",0.181818181818182,6.57121212121212,5.41881085628553,0.000237772221917401,0.00753737943478161,0.00753737943478161,"LOC126284898/LOC126355949/LOC126283960/LOC126283957/LOC126281958/LOC126281399",6,"DESeq2_infected_vs_control_diet_33__DOWN","KEGG_pathway"
"ko00680","ko00680","5/120","22/4337",0.227272727272727,8.21401515151515,5.72178387923381,0.000269331867320352,0.00776165472186832,0.00776165472186832,"LOC126284898/LOC126281954/LOC126281958/LOC126293368/LOC126325353",5,"DESeq2_infected_vs_control_diet_33__DOWN","KEGG_pathway"
"ko00053","ko00053","8/120","65/4337",0.123076923076923,4.44820512820513,4.72462788655416,0.000366606711868517,0.00968452730519333,0.00968452730519333,"LOC126341237/LOC126336625/LOC126281446/LOC126266939/LOC126266657/LOC126281562/LOC126266840/LOC126272926",8,"DESeq2_infected_vs_control_diet_33__DOWN","KEGG_pathway"
"ko01230","ko01230","8/120","67/4337",0.119402985074627,4.31542288557214,4.61313170708733,0.000452358022516264,0.0110305763952043,0.0110305763952043,"LOC126284898/LOC126281532/LOC126365941/LOC126299542/LOC126298104/LOC126335505/LOC126293368/LOC126325353",8,"DESeq2_infected_vs_control_diet_33__DOWN","KEGG_pathway"
"ko00710","ko00710","5/120","27/4337",0.185185185185185,6.6929012345679,5.00507230279213,0.000739058170809394,0.0167343885818984,0.0167343885818984,"LOC126284898/LOC126299542/LOC126281958/LOC126336122/LOC126336866",5,"DESeq2_infected_vs_control_diet_33__DOWN","KEGG_pathway"
"ko00981","ko00981","5/120","28/4337",0.178571428571429,6.45386904761905,4.88347460708384,0.000880032548940248,0.018206965098381,0.018206965098381,"LOC126299150/LOC126281446/LOC126305900/LOC126293679/LOC126343702",5,"DESeq2_infected_vs_control_diet_33__DOWN","KEGG_pathway"
"ko00280","ko00280","6/120","42/4337",0.142857142857143,5.16309523809524,4.57291223838742,0.000918963538088631,0.018206965098381,0.018206965098381,"LOC126335256/LOC126336244/LOC126281446/LOC126354727/LOC126336251/LOC126266840",6,"DESeq2_infected_vs_control_diet_33__DOWN","KEGG_pathway"
"ko00410","ko00410","5/120","29/4337",0.172413793103448,6.23132183908046,4.76766849253528,0.00104011322478018,0.0193950524856069,0.0193950524856069,"LOC126335256/LOC126281446/LOC126292317/LOC126336251/LOC126266840",5,"DESeq2_infected_vs_control_diet_33__DOWN","KEGG_pathway"
"ko00380","ko00380","5/120","31/4337",0.161290322580645,5.82930107526882,4.5515736560418,0.00142382379083043,0.0250751189829582,0.0250751189829582,"LOC126336244/LOC126281446/LOC126336251/LOC126266840/LOC126267535",5,"DESeq2_infected_vs_control_diet_33__DOWN","KEGG_pathway"
"ko00620","ko00620","5/120","33/4337",0.151515151515152,5.4760101010101,4.35356823622795,0.00190294265093792,0.0317490958077538,0.0317490958077538,"LOC126336244/LOC126281446/LOC126336122/LOC126266840/LOC126336866",5,"DESeq2_infected_vs_control_diet_33__DOWN","KEGG_pathway"
"ko00520","ko00520","6/120","51/4337",0.117647058823529,4.25196078431373,3.94037689392559,0.00257625893780276,0.0408337041641737,0.0408337041641737,"LOC126266657/LOC126272931/LOC126271949/LOC126354818/LOC126291591/LOC126267263",6,"DESeq2_infected_vs_control_diet_33__DOWN","KEGG_pathway"
"ko00830","ko00830","6/120","52/4337",0.115384615384615,4.17019230769231,3.87922817853187,0.00284758756391612,0.0429850122743529,0.0429850122743529,"LOC126341237/LOC126336625/LOC126266939/LOC126281954/LOC126281562/LOC126272926",6,"DESeq2_infected_vs_control_diet_33__DOWN","KEGG_pathway"
"ko00260","ko00260","5/120","37/4337",0.135135135135135,4.88400900900901,4.0020298363895,0.00320011624007475,0.0461107658228952,0.0461107658228952,"LOC126329483/LOC126354727/LOC126266840/LOC126293368/LOC126325353",5,"DESeq2_infected_vs_control_diet_33__DOWN","KEGG_pathway"
"ko03030","ko03030","5/120","39/4337",0.128205128205128,4.63354700854701,3.84470781460707,0.00404495957290457,0.055750094983076,0.055750094983076,"LOC126293483/LOC126336750/LOC126284030/LOC126359832/LOC126284296",5,"DESeq2_infected_vs_control_diet_33__DOWN","KEGG_pathway"
"ko00071","ko00071","5/120","41/4337",0.121951219512195,4.40752032520325,3.69770028105306,0.00503852154473825,0.0665504720700844,0.0665504720700844,"LOC126336244/LOC126281446/LOC126281954/LOC126336251/LOC126266840",5,"DESeq2_infected_vs_control_diet_33__DOWN","KEGG_pathway"
"ko00630","ko00630","4/120","28/4337",0.142857142857143,5.16309523809524,3.72769674236774,0.00682647765406323,0.0865309172864239,0.0865309172864239,"LOC126336244/LOC126365941/LOC126325353/LOC126267535",4,"DESeq2_infected_vs_control_diet_33__DOWN","KEGG_pathway"
"ko00670","ko00670","3/120","15/4337",0.2,7.22833333333333,4.07575955164089,0.00737014121997932,0.0865309172864239,0.0865309172864239,"LOC126267222/LOC126293737/LOC126325353",3,"DESeq2_infected_vs_control_diet_33__DOWN","KEGG_pathway"
"ko00720","ko00720","3/120","15/4337",0.2,7.22833333333333,4.07575955164089,0.00737014121997932,0.0865309172864239,0.0865309172864239,"LOC126336244/LOC126365941/LOC126335505",3,"DESeq2_infected_vs_control_diet_33__DOWN","KEGG_pathway"
"ko00010","ko00010","5/120","46/4337",0.108695652173913,3.92844202898551,3.3679819015435,0.00825923703463132,0.093506362142076,0.093506362142076,"LOC126284898/LOC126281446/LOC126281954/LOC126281958/LOC126266840",5,"DESeq2_infected_vs_control_diet_33__DOWN","KEGG_pathway"
"ko02010","ko02010","9/125","43/4337",0.209302325581395,7.26195348837209,7.10834515292983,2.53550380208529e-06,0.000803754705261037,0.000803754705261037,"LOC126278191/LOC126354018/LOC126357744/LOC126284038/LOC126335579/LOC126335166/LOC126281499/LOC126354017/LOC126278946",9,"DESeq2_infected_vs_control_diet_33__UP","KEGG_pathway"
"ko01200","ko01200","14/166","109/4337",0.128440366972477,3.35569802144357,4.96871357995578,5.63396601213461e-05,0.00915552575313769,0.00915552575313769,"LOC126284898/LOC126335256/LOC126293368/LOC126365941/LOC126297871/LOC126336244/LOC126335505/LOC126281958/LOC126281532/LOC126336122/LOC126297494/LOC126295405/LOC126336866/LOC126298221",14,"DESeq2_infected_vs_control_diet_50__DOWN","KEGG_pathway"
"ko01110","ko01110","29/166","355/4337",0.0816901408450704,2.13427795689801,4.44899202034673,5.77635694204271e-05,0.00915552575313769,0.00915552575313769,"LOC126284898/LOC126356100/LOC126284812/LOC126278485/LOC126271720/LOC126365941/LOC126297871/LOC126336625/LOC126336244/LOC126350022/LOC126272831/LOC126272928/LOC126335505/LOC126281958/LOC126272193/LOC126281532/LOC126284002/LOC126297494/LOC126281562/LOC126353877/LOC126323251/LOC126272584/LOC126335182/LOC126284686/LOC126268218/LOC126281446/LOC126268126/LOC126298221/LOC126324953",29,"DESeq2_infected_vs_control_diet_50__DOWN","KEGG_pathway"
"ko01130","ko01130","20/166","210/4337",0.0952380952380952,2.48823866896156,4.41005071096799,0.000119586650372962,0.012636322722743,0.012636322722743,"LOC126284898/LOC126284812/LOC126278485/LOC126293368/LOC126365941/LOC126297871/LOC126336244/LOC126350022/LOC126267248/LOC126299078/LOC126335505/LOC126281958/LOC126272193/LOC126281532/LOC126297494/LOC126295405/LOC126268218/LOC126281446/LOC126298221/LOC126324953",20,"DESeq2_infected_vs_control_diet_50__DOWN","KEGG_pathway"
"ko00620","ko00620","7/166","33/4337",0.212121212121212,5.54198612632348,5.22450594605054,0.000195156548426802,0.0154661564628241,0.0154661564628241,"LOC126297871/LOC126336244/LOC126350022/LOC126336122/LOC126323251/LOC126281446/LOC126336866",7,"DESeq2_infected_vs_control_diet_50__DOWN","KEGG_pathway"
"ko01120","ko01120","16/166","158/4337",0.10126582278481,2.64572212902242,4.20365874580403,0.000296281435237195,0.0187842429940382,0.0187842429940382,"LOC126284898/LOC126293368/LOC126365941/LOC126297871/LOC126336244/LOC126350022/LOC126335505/LOC126281958/LOC126281532/LOC126336122/LOC126297494/LOC126295405/LOC126323251/LOC126281446/LOC126336866/LOC126268126",16,"DESeq2_infected_vs_control_diet_50__DOWN","KEGG_pathway"
"ko05204","ko05204","12/166","107/4337",0.11214953271028,2.93007544195473,4.03250185527971,0.000694733687891283,0.034235939424876,0.034235939424876,"LOC126336715/LOC126336625/LOC126272831/LOC126272928/LOC126336695/LOC126331335/LOC126336692/LOC126343702/LOC126336724/LOC126281562/LOC126293679/LOC126281404",12,"DESeq2_infected_vs_control_diet_50__DOWN","KEGG_pathway"
"ko00980","ko00980","12/166","108/4337",0.111111111111111,2.90294511378849,3.99482614220375,0.000755998662378964,0.034235939424876,0.034235939424876,"LOC126336715/LOC126336625/LOC126272831/LOC126272928/LOC126336695/LOC126331335/LOC126336692/LOC126343702/LOC126336724/LOC126281562/LOC126293679/LOC126281404",12,"DESeq2_infected_vs_control_diet_50__DOWN","KEGG_pathway"
"ko04624","ko04624","12/198","58/4337",0.206896551724138,4.53187042842215,5.92211906562537,8.21731842820842e-06,0.00260488994174207,0.00260488994174207,"LOC126355041/LOC126282030/LOC126282207/LOC126267545/LOC126266641/LOC126298648/LOC126336325/LOC126355037/LOC126293579/LOC126293578/LOC126267442/LOC126281928",12,"DESeq2_infected_vs_control_diet_50__UP","KEGG_pathway"
"ko04341","ko04341","12/198","79/4337",0.151898734177215,3.32719601074031,4.56534076486641,0.000202323029505681,0.0320682001766505,0.0320682001766505,"LOC126278442/LOC126295040/LOC126295191/LOC126292145/LOC126291991/LOC126295201/LOC126294955/LOC126294949/LOC126295425/LOC126278128/LOC126294945/LOC126295087",12,"DESeq2_infected_vs_control_diet_50__UP","KEGG_pathway"
"ko04340","ko04340","11/198","75/4337",0.146666666666667,3.21259259259259,4.22722030290687,0.000509843825683623,0.0473719924722919,0.0473719924722919,"LOC126295040/LOC126295191/LOC126292145/LOC126291991/LOC126295201/LOC126294955/LOC126294949/LOC126295425/LOC126278128/LOC126294945/LOC126295087",11,"DESeq2_infected_vs_control_diet_50__UP","KEGG_pathway"
"ko02010","ko02010","8/198","43/4337",0.186046511627907,4.07517030772845,4.43202191437523,0.000597753848230812,0.0473719924722919,0.0473719924722919,"LOC126354017/LOC126357744/LOC126354018/LOC126335579/LOC126278946/LOC126284038/LOC126335166/LOC126281499",8,"DESeq2_infected_vs_control_diet_50__UP","KEGG_pathway"
"ko01200","ko01200","14/72","109/4337",0.128440366972477,7.73674821610601,9.25438244077811,1.53292408671126e-09,4.85936935487471e-07,4.85936935487471e-07,"LOC126335256/LOC126272037/LOC126293404/LOC126365941/LOC126349195/LOC126336244/LOC126335505/LOC126298417/LOC126281958/LOC126282157/LOC126281532/LOC126297494/LOC126336866/LOC126281954",14,"DESeq2_infected_vs_control_diet_83__DOWN","KEGG_pathway"
"ko01110","ko01110","23/72","355/4337",0.0647887323943662,3.90262128325509,7.41489987924837,4.63758762399739e-09,7.35057638403586e-07,7.35057638403586e-07,"LOC126272037/LOC126293404/LOC126365941/LOC126349195/LOC126284811/LOC126336244/LOC126298779/LOC126284002/LOC126335505/LOC126285378/LOC126298417/LOC126334891/LOC126281958/LOC126284812/LOC126324953/LOC126282157/LOC126335184/LOC126281532/LOC126281562/LOC126297494/LOC126268218/LOC126281954/LOC126335182",23,"DESeq2_infected_vs_control_diet_83__DOWN","KEGG_pathway"
"ko01120","ko01120","15/72","158/4337",0.0949367088607595,5.71861814345992,7.84979939673195,2.60361848062813e-08,2.34284911637725e-06,2.34284911637725e-06,"LOC126272037/LOC126365941/LOC126297759/LOC126349195/LOC126336244/LOC126272888/LOC126335505/LOC126298417/LOC126334891/LOC126281958/LOC126282157/LOC126281532/LOC126297494/LOC126336866/LOC126281954",15,"DESeq2_infected_vs_control_diet_83__DOWN","KEGG_pathway"
"ko01130","ko01130","17/72","210/4337",0.080952380952381,4.87625661375661,7.48094221962461,2.95627648754228e-08,2.34284911637725e-06,2.34284911637725e-06,"LOC126272037/LOC126293404/LOC126365941/LOC126297759/LOC126349195/LOC126284811/LOC126336244/LOC126335505/LOC126298417/LOC126281958/LOC126284812/LOC126324953/LOC126282157/LOC126281532/LOC126297494/LOC126268218/LOC126281954",17,"DESeq2_infected_vs_control_diet_83__DOWN","KEGG_pathway"
"ko00030","ko00030","5/72","31/4337",0.161290322580645,9.7155017921147,6.32685087131263,0.000133102601356986,0.00843870492603294,0.00843870492603294,"LOC126284811/LOC126281958/LOC126284812/LOC126281532/LOC126297494",5,"DESeq2_infected_vs_control_diet_83__DOWN","KEGG_pathway"
"ko00020","ko00020","5/72","35/4337",0.142857142857143,8.60515873015873,5.86892377784778,0.000241513580655721,0.0127599675113106,0.0127599675113106,"LOC126365941/LOC126349195/LOC126335505/LOC126298417/LOC126282157",5,"DESeq2_infected_vs_control_diet_83__DOWN","KEGG_pathway"
"ko00640","ko00640","4/72","25/4337",0.16,9.63777777777778,5.62709208594044,0.00067865762413846,0.030733495264556,0.030733495264556,"LOC126335256/LOC126336244/LOC126285378/LOC126298417",4,"DESeq2_infected_vs_control_diet_83__DOWN","KEGG_pathway"
"ko00630","ko00630","4/72","28/4337",0.142857142857143,8.60515873015873,5.245059493562,0.00105792202638183,0.0419201602953799,0.0419201602953799,"LOC126267535/LOC126293404/LOC126365941/LOC126336244",4,"DESeq2_infected_vs_control_diet_83__DOWN","KEGG_pathway"
"ko00350","ko00350","4/72","29/4337",0.137931034482759,8.30842911877395,5.13022671824552,0.00121191559637853,0.0426863604502215,0.0426863604502215,"LOC126272037/LOC126336714/LOC126283954/LOC126281954",4,"DESeq2_infected_vs_control_diet_83__DOWN","KEGG_pathway"
"ko00720","ko00720","3/72","15/4337",0.2,12.0472222222222,5.56810870984679,0.00173000938041523,0.0548412973591627,0.0548412973591627,"LOC126365941/LOC126336244/LOC126335505",3,"DESeq2_infected_vs_control_diet_83__DOWN","KEGG_pathway"
"ko00620","ko00620","4/72","33/4337",0.121212121212121,7.3013468013468,4.72069115234487,0.00198605082331998,0.0572343737265849,0.0572343737265849,"LOC126336244/LOC126285378/LOC126282157/LOC126336866",4,"DESeq2_infected_vs_control_diet_83__DOWN","KEGG_pathway"
"ko00480","ko00480","6/72","86/4337",0.0697674418604651,4.20251937984496,3.89714717274993,0.00279714900974893,0.0730000616399238,0.0730000616399238,"LOC126331335/LOC126335505/LOC126336695/LOC126277880/LOC126297494/LOC126284808",6,"DESeq2_infected_vs_control_diet_83__DOWN","KEGG_pathway"
"ko00360","ko00360","3/72","18/4337",0.166666666666667,10.0393518518519,4.99267514643472,0.00299369337955523,0.0730000616399238,0.0730000616399238,"LOC126272037/LOC126336714/LOC126283954",3,"DESeq2_infected_vs_control_diet_83__DOWN","KEGG_pathway"
"ko04976","ko04976","10/93","61/4337",0.163934426229508,7.64498501674599,7.73639256151373,4.62021643050135e-07,0.000146460860846893,0.000146460860846893,"LOC126354017/LOC126354871/LOC126354018/LOC126354186/LOC126322572/LOC126335579/LOC126281263/LOC126335166/LOC126354016/LOC126281499",10,"DESeq2_infected_vs_control_diet_83__UP","KEGG_pathway"
"ko02010","ko02010","7/93","43/4337",0.162790697674419,7.591647911978,6.429772886232,2.8525657244787e-05,0.00452131667329875,0.00452131667329875,"LOC126354017/LOC126354018/LOC126357744/LOC126335579/LOC126335166/LOC126354016/LOC126281499",7,"DESeq2_infected_vs_control_diet_83__UP","KEGG_pathway"
"ko04978","ko04978","4/93","18/4337",0.222222222222222,10.363201911589,5.89206409765005,0.000481639421689161,0.0508932322251547,0.0508932322251547,"LOC126297555/LOC126354186/LOC126322572/LOC126282259",4,"DESeq2_infected_vs_control_diet_83__UP","KEGG_pathway"
